appointment_id,patient_id,provider_id,appointment_ts,status,appointment_type
A000001,P00017,P1002,2025-11-23 09:30:00,Cancelled,Review
A000002,P00032,P1002,2025-05-21 09:30:00,No Show,Initial
A000003,P00046,P1003,2025-05-01 09:30:00,Cancelled,Follow-up
A000004,P00021,P1001,2025-03-12 09:30:00,Completed,Initial
A000005,P00025,P1002,2025-12-28 09:30:00,Completed,Initial
A000006,P00027,P1004,2025-06-19 09:30:00,No Show,Follow-up
A000007,P00004,P1002,2025-08-04 09:30:00,No Show,Review
A000008,P00045,P1001,2025-10-22 09:30:00,No Show,Follow-up
A000009,P00001,P1003,2025-06-02 09:30:00,No Show,Follow-up
A000010,P00035,P1002,2025-09-07 09:30:00,Completed,Follow-up
A000011,P00028,P1004,2025-01-15 09:30:00,No Show,Follow-up
A000012,P00043,P1004,2025-03-26 09:30:00,No Show,Initial
A000013,P00040,P1001,2025-07-21 09:30:00,Scheduled,Initial
A000014,P00042,P1004,2025-03-11 09:30:00,No Show,Initial
A000015,P00004,P1003,2025-07-14 09:30:00,Cancelled,Initial
A000016,P00030,P1003,2025-06-22 09:30:00,No Show,Follow-up
A000017,P00049,P1004,2025-05-10 09:30:00,Scheduled,Follow-up
A000018,P00002,P1001,2025-06-29 09:30:00,Completed,Review
A000019,P00005,P1001,2025-01-16 09:30:00,Completed,Initial
A000020,P00002,P1002,2025-05-03 09:30:00,Completed,Follow-up
A000021,P00043,P1001,2025-10-16 09:30:00,Completed,Follow-up
A000022,P00045,P1003,2025-07-08 09:30:00,Completed,Review
A000023,P00039,P1001,2025-03-25 09:30:00,Cancelled,Initial
A000024,P00038,P1001,2025-06-09 09:30:00,No Show,Follow-up
A000025,P00046,P1002,2025-02-08 09:30:00,Completed,Initial
A000026,P00045,P1003,2025-12-17 09:30:00,Scheduled,Review
A000027,P00003,P1003,2025-09-30 09:30:00,No Show,Review
A000028,P00024,P1001,2025-09-17 09:30:00,Cancelled,Initial
A000029,P00027,P1004,2025-02-24 09:30:00,No Show,Follow-up
A000030,P00041,P1004,2025-12-29 09:30:00,Completed,Follow-up
A000031,P00012,P1003,2025-11-12 09:30:00,No Show,Follow-up
A000032,P00028,P1003,2025-06-15 09:30:00,Completed,Initial
A000033,P00018,P1004,2025-05-05 09:30:00,No Show,Review
A000034,P00040,P1004,2025-06-22 09:30:00,Scheduled,Follow-up
A000035,P00021,P1002,2025-09-07 09:30:00,Completed,Follow-up
A000036,P00017,P1003,2025-05-24 09:30:00,Cancelled,Review
A000037,P00001,P1002,2025-02-13 09:30:00,Completed,Review
A000038,P00027,P1004,2025-10-12 09:30:00,Completed,Review
A000039,P00031,P1004,2025-08-18 09:30:00,Scheduled,Initial
A000040,P00019,P1002,2025-07-27 09:30:00,Completed,Follow-up
A000041,P00043,P1003,2025-08-31 09:30:00,Cancelled,Follow-up
A000042,P00048,P1003,2025-06-30 09:30:00,No Show,Follow-up
A000043,P00020,P1003,2025-04-29 09:30:00,Scheduled,Review
A000044,P00013,P1003,2025-03-03 09:30:00,Completed,Initial
A000045,P00014,P1004,2025-05-22 09:30:00,Cancelled,Initial
A000046,P00013,P1003,2025-04-27 09:30:00,Cancelled,Initial
A000047,P00020,P1001,2025-12-29 09:30:00,Completed,Follow-up
A000048,P00003,P1001,2025-10-11 09:30:00,Cancelled,Review
A000049,P00009,P1004,2025-02-22 09:30:00,Scheduled,Review
A000050,P00019,P1004,2025-09-03 09:30:00,No Show,Follow-up
A000051,P00012,P1001,2025-05-10 09:30:00,No Show,Initial
A000052,P00005,P1004,2025-09-09 09:30:00,Scheduled,Review
A000053,P00041,P1001,2025-03-19 09:30:00,Completed,Review
A000054,P00020,P1001,2025-05-08 09:30:00,Scheduled,Review
A000055,P00049,P1004,2025-11-07 09:30:00,Completed,Review
A000056,P00025,P1004,2025-08-15 09:30:00,Cancelled,Review
A000057,P00028,P1003,2025-10-19 09:30:00,Scheduled,Review
A000058,P00048,P1001,2025-04-17 09:30:00,Completed,Follow-up
A000059,P00043,P1001,2025-03-22 09:30:00,Completed,Initial
A000060,P00036,P1001,2025-03-22 09:30:00,Scheduled,Follow-up
A000061,P00029,P1004,2025-05-30 09:30:00,Scheduled,Initial
A000062,P00019,P1003,2025-12-26 09:30:00,No Show,Initial
A000063,P00044,P1002,2025-05-16 09:30:00,Completed,Follow-up
A000064,P00008,P1002,2025-11-28 09:30:00,Completed,Follow-up
A000065,P00010,P1001,2025-01-31 09:30:00,Completed,Follow-up
A000066,P00039,P1003,2025-08-13 09:30:00,Scheduled,Follow-up
A000067,P00045,P1003,2025-12-25 09:30:00,No Show,Follow-up
A000068,P00033,P1004,2025-08-13 09:30:00,Scheduled,Review
A000069,P00003,P1004,2025-06-15 09:30:00,Cancelled,Initial
A000070,P00006,P1002,2025-12-12 09:30:00,Scheduled,Review
A000071,P00018,P1001,2025-03-31 09:30:00,No Show,Review
A000072,P00042,P1004,2025-05-23 09:30:00,Completed,Review
A000073,P00028,P1004,2025-02-16 09:30:00,No Show,Follow-up
A000074,P00027,P1003,2025-06-14 09:30:00,Scheduled,Initial
A000075,P00022,P1004,2025-12-22 09:30:00,No Show,Follow-up
A000076,P00043,P1004,2025-10-09 09:30:00,Scheduled,Follow-up
A000077,P00006,P1003,2025-05-10 09:30:00,Cancelled,Initial
A000078,P00050,P1004,2025-09-21 09:30:00,Scheduled,Review
A000079,P00035,P1004,2025-07-31 09:30:00,Scheduled,Initial
A000080,P00034,P1003,2025-11-15 09:30:00,No Show,Review
A000081,P00029,P1001,2025-04-15 09:30:00,Cancelled,Review
A000082,P00009,P1003,2025-08-13 09:30:00,No Show,Initial
A000083,P00002,P1002,2025-12-30 09:30:00,Completed,Follow-up
A000084,P00036,P1001,2025-10-10 09:30:00,No Show,Initial
A000085,P00015,P1001,2025-08-25 09:30:00,Scheduled,Review
A000086,P00010,P1004,2025-05-30 09:30:00,Cancelled,Follow-up
A000087,P00031,P1004,2025-05-05 09:30:00,No Show,Review
A000088,P00010,P1004,2025-04-08 09:30:00,Completed,Initial
A000089,P00018,P1004,2025-06-24 09:30:00,Cancelled,Initial
A000090,P00019,P1003,2025-10-28 09:30:00,No Show,Initial
A000091,P00029,P1004,2025-06-26 09:30:00,Cancelled,Review
A000092,P00049,P1004,2025-08-22 09:30:00,Cancelled,Initial
A000093,P00045,P1002,2025-10-20 09:30:00,No Show,Initial
A000094,P00050,P1004,2025-01-23 09:30:00,Cancelled,Review
A000095,P00031,P1004,2025-07-17 09:30:00,Completed,Follow-up
A000096,P00003,P1002,2025-09-15 09:30:00,Cancelled,Initial
A000097,P00029,P1001,2025-09-27 09:30:00,No Show,Initial
A000098,P00047,P1002,2025-07-29 09:30:00,Completed,Initial
A000099,P00031,P1003,2025-06-23 09:30:00,No Show,Review
A000100,P00006,P1003,2025-12-12 09:30:00,No Show,Follow-up
