billing_id,claim_id,patient_id,billing_date,billed_amount,billing_status
B0000001,C0000001,P00041,2025-10-05,126.16,Adjusted
B0000002,C0000002,P00015,2025-08-11,1469.13,Closed
B0000003,C0000003,P00029,2025-12-22,501.74,Open
B0000004,C0000004,P00004,2025-07-03,609.15,Adjusted
B0000005,C0000005,P00037,2025-03-29,324.47,Closed
B0000006,C0000006,P00040,2025-09-12,1375.78,Adjusted
B0000007,C0000007,P00041,2025-08-24,438.84,Open
B0000008,C0000008,P00019,2025-02-07,704.46,Open
B0000009,C0000009,P00041,2025-12-20,431.39,Closed
B0000010,C0000010,P00025,2025-02-24,413.02,Adjusted
B0000011,C0000011,P00045,2025-01-12,1468.57,Invoiced
B0000012,C0000012,P00001,2025-11-07,1136.87,Open
B0000013,C0000013,P00050,2025-11-07,1217.75,Invoiced
B0000014,C0000014,P00040,2025-12-14,1151.7,Closed
B0000015,C0000015,P00041,2025-11-18,996.04,Open
B0000016,C0000016,P00003,2025-03-09,203.44,Invoiced
B0000017,C0000017,P00012,2025-03-09,1195.78,Open
B0000018,C0000018,P00034,2025-03-26,441.18,Invoiced
B0000019,C0000019,P00019,2025-02-28,742.37,Adjusted
B0000020,C0000020,P00044,2025-10-13,596.23,Adjusted
B0000021,C0000021,P00017,2025-08-21,600.23,Closed
B0000022,C0000022,P00038,2025-11-23,1414.92,Open
B0000023,C0000023,P00031,2025-11-14,1335.03,Invoiced
B0000024,C0000024,P00042,2025-11-22,1248.99,Closed
B0000025,C0000025,P00042,2025-03-01,274.18,Adjusted
B0000026,C0000026,P00032,2025-02-19,409.59,Adjusted
B0000027,C0000027,P00030,2025-12-10,1427.87,Closed
B0000028,C0000028,P00038,2025-08-01,1008.26,Open
B0000029,C0000029,P00018,2025-12-20,603.01,Invoiced
B0000030,C0000030,P00024,2025-12-18,598.45,Adjusted
B0000031,C0000031,P00004,2025-05-22,345.48,Closed
B0000032,C0000032,P00006,2025-11-25,986.28,Adjusted
B0000033,C0000033,P00022,2025-03-06,1196.44,Adjusted
B0000034,C0000034,P00038,2025-04-30,543.2,Invoiced
B0000035,C0000035,P00018,2025-03-08,844.81,Open
B0000036,C0000036,P00043,2025-03-09,96.18,Open
B0000037,C0000037,P00038,2025-01-09,323.3,Invoiced
B0000038,C0000038,P00034,2025-02-02,753.65,Closed
B0000039,C0000039,P00029,2025-11-11,136.8,Closed
B0000040,C0000040,P00030,2025-02-01,1497.99,Open
B0000041,C0000041,P00044,2025-09-09,1090.17,Adjusted
B0000042,C0000042,P00021,2025-02-03,254.82,Adjusted
B0000043,C0000043,P00025,2025-08-21,795.41,Closed
B0000044,C0000044,P00042,2025-08-09,718.47,Invoiced
B0000045,C0000045,P00030,2025-08-01,1114.7,Adjusted
B0000046,C0000046,P00043,2025-07-11,1433.87,Closed
B0000047,C0000047,P00005,2025-02-13,207.85,Invoiced
B0000048,C0000048,P00009,2025-10-28,1438.19,Open
B0000049,C0000049,P00027,2025-12-07,1416.11,Invoiced
B0000050,C0000050,P00019,2025-06-30,222.63,Open
B0000051,C0000051,P00043,2025-04-25,1282.37,Closed
B0000052,C0000052,P00008,2025-10-21,397.28,Invoiced
B0000053,C0000053,P00039,2025-01-15,332.09,Closed
B0000054,C0000054,P00022,2025-01-04,333.5,Open
B0000055,C0000055,P00005,2025-11-21,1459.83,Adjusted
B0000056,C0000056,P00025,2025-08-21,560.78,Adjusted
B0000057,C0000057,P00050,2025-01-27,296.7,Open
B0000058,C0000058,P00044,2025-05-20,706.44,Adjusted
B0000059,C0000059,P00027,2025-04-21,1150.79,Adjusted
B0000060,C0000060,P00008,2025-12-14,1041.84,Invoiced
B0000061,C0000061,P00003,2025-07-22,1477.84,Invoiced
B0000062,C0000062,P00020,2025-03-12,1163.93,Adjusted
B0000063,C0000063,P00001,2025-08-09,325.37,Invoiced
B0000064,C0000064,P00033,2025-02-06,640.83,Open
B0000065,C0000065,P00002,2025-02-09,1303.51,Invoiced
B0000066,C0000066,P00046,2025-05-29,239.12,Invoiced
B0000067,C0000067,P00011,2025-12-20,1385.67,Invoiced
B0000068,C0000068,P00016,2025-10-29,645.64,Closed
B0000069,C0000069,P00048,2025-04-24,549.62,Open
B0000070,C0000070,P00034,2025-06-28,575.32,Adjusted
B0000071,C0000071,P00016,2025-03-16,439.75,Adjusted
B0000072,C0000072,P00049,2025-04-01,1430.59,Closed
B0000073,C0000073,P00049,2025-12-15,1391.92,Invoiced
B0000074,C0000074,P00041,2025-03-19,701.66,Open
B0000075,C0000075,P00018,2025-06-30,797.96,Open
B0000076,C0000076,P00003,2025-07-08,1260.17,Adjusted
B0000077,C0000077,P00040,2025-08-25,901.97,Closed
B0000078,C0000078,P00029,2025-06-14,937.13,Closed
B0000079,C0000079,P00029,2025-06-25,1474.9,Closed
B0000080,C0000080,P00003,2025-12-29,698.81,Closed
B0000081,C0000081,P00024,2025-05-25,627.07,Open
B0000082,C0000082,P00041,2025-02-03,544.81,Invoiced
B0000083,C0000083,P00019,2025-12-03,1449.28,Adjusted
B0000084,C0000084,P00022,2025-10-26,1020.65,Open
B0000085,C0000085,P00042,2025-03-08,922.93,Closed
B0000086,C0000086,P00036,2025-11-26,1203.12,Closed
B0000087,C0000087,P00042,2025-09-18,590.61,Adjusted
B0000088,C0000088,P00014,2025-09-06,348.61,Invoiced
B0000089,C0000089,P00005,2025-02-21,798.46,Invoiced
B0000090,C0000090,P00043,2025-11-13,261.74,Invoiced
B0000091,C0000091,P00012,2025-08-13,137.26,Closed
B0000092,C0000092,P00029,2025-08-18,408.45,Open
B0000093,C0000093,P00013,2025-12-14,1424.66,Open
B0000094,C0000094,P00050,2025-07-15,791.64,Invoiced
B0000095,C0000095,P00013,2025-05-09,149.36,Adjusted
B0000096,C0000096,P00036,2025-12-31,1280.4,Invoiced
B0000097,C0000097,P00006,2025-05-20,715.28,Invoiced
B0000098,C0000098,P00006,2025-08-19,1335.6,Adjusted
B0000099,C0000099,P00004,2025-09-15,607.9,Invoiced
B0000100,C0000100,P00024,2025-01-15,529.13,Adjusted
B0000101,C0000101,P00010,2025-01-20,483.8,Adjusted
B0000102,C0000102,P00049,2025-08-18,951.87,Open
B0000103,C0000103,P00017,2025-03-18,857.05,Adjusted
B0000104,C0000104,P00008,2025-05-02,504.14,Invoiced
B0000105,C0000105,P00041,2025-02-02,232.97,Adjusted
B0000106,C0000106,P00041,2025-03-15,490.06,Invoiced
B0000107,C0000107,P00016,2025-04-06,1021.73,Adjusted
B0000108,C0000108,P00005,2025-07-19,1319.5,Open
B0000109,C0000109,P00024,2025-01-09,583.86,Invoiced
B0000110,C0000110,P00047,2025-10-25,1122.64,Invoiced
B0000111,C0000111,P00023,2025-11-26,324.5,Invoiced
B0000112,C0000112,P00045,2025-11-20,334.75,Adjusted
B0000113,C0000113,P00003,2025-04-14,137.42,Open
B0000114,C0000114,P00021,2025-09-21,642.47,Open
B0000115,C0000115,P00017,2025-11-28,347.32,Open
B0000116,C0000116,P00042,2025-05-20,252.38,Open
B0000117,C0000117,P00048,2025-07-17,558.13,Adjusted
B0000118,C0000118,P00024,2025-02-12,1111.09,Invoiced
B0000119,C0000119,P00035,2025-06-14,221.2,Closed
B0000120,C0000120,P00020,2025-11-05,1097.67,Open
