claim_id,patient_id,provider_id,service_date,claim_status,billed_amount,paid_amount,balance_amount
C0000001,P00041,P1004,2025-10-05,Denied,126.16,73.1,53.06
C0000002,P00015,P1001,2025-08-11,Submitted,1469.13,1288.37,180.76
C0000003,P00029,P1002,2025-12-22,Denied,501.74,282.2,219.54
C0000004,P00004,P1003,2025-07-03,Paid,609.15,373.16,235.99
C0000005,P00037,P1002,2025-03-29,Paid,324.47,263.5,60.97
C0000006,P00040,P1002,2025-09-12,Paid,1375.78,841.35,534.43
C0000007,P00041,P1003,2025-08-24,Paid,438.84,243.14,195.7
C0000008,P00019,P1002,2025-02-07,Denied,704.46,492.13,212.33
C0000009,P00041,P1004,2025-12-20,Approved,431.39,394.07,37.32
C0000010,P00025,P1004,2025-02-24,Denied,413.02,328.73,84.29
C0000011,P00045,P1003,2025-01-12,Denied,1468.57,1223.38,245.19
C0000012,P00001,P1001,2025-11-07,Denied,1136.87,1032.42,104.45
C0000013,P00050,P1002,2025-11-07,Approved,1217.75,784.44,433.31
C0000014,P00040,P1003,2025-12-14,Approved,1151.7,1013.51,138.19
C0000015,P00041,P1001,2025-11-18,Paid,996.04,680.14,315.9
C0000016,P00003,P1003,2025-03-09,Paid,203.44,137.71,65.73
C0000017,P00012,P1002,2025-03-09,Denied,1195.78,1108.34,87.44
C0000018,P00034,P1003,2025-03-26,Paid,441.18,399.1,42.08
C0000019,P00019,P1003,2025-02-28,Approved,742.37,432.34,310.03
C0000020,P00044,P1004,2025-10-13,Submitted,596.23,530.64,65.59
C0000021,P00017,P1001,2025-08-21,Denied,600.23,523.45,76.78
C0000022,P00038,P1004,2025-11-23,Approved,1414.92,844.13,570.79
C0000023,P00031,P1001,2025-11-14,Approved,1335.03,1056.55,278.48
C0000024,P00042,P1001,2025-11-22,Denied,1248.99,1175.35,73.64
C0000025,P00042,P1004,2025-03-01,Denied,274.18,262.36,11.82
C0000026,P00032,P1001,2025-02-19,Paid,409.59,319.95,89.64
C0000027,P00030,P1003,2025-12-10,Paid,1427.87,1212.96,214.91
C0000028,P00038,P1002,2025-08-01,Paid,1008.26,915.99,92.27
C0000029,P00018,P1001,2025-12-20,Approved,603.01,446.62,156.39
C0000030,P00024,P1001,2025-12-18,Denied,598.45,561.18,37.27
C0000031,P00004,P1004,2025-05-22,Paid,345.48,208.16,137.32
C0000032,P00006,P1002,2025-11-25,Submitted,986.28,954.3,31.98
C0000033,P00022,P1002,2025-03-06,Approved,1196.44,763.61,432.83
C0000034,P00038,P1002,2025-04-30,Submitted,543.2,333.23,209.97
C0000035,P00018,P1002,2025-03-08,Submitted,844.81,754.72,90.09
C0000036,P00043,P1001,2025-03-09,Approved,96.18,85.57,10.61
C0000037,P00038,P1003,2025-01-09,Paid,323.3,185.1,138.2
C0000038,P00034,P1001,2025-02-02,Submitted,753.65,666.64,87.01
C0000039,P00029,P1002,2025-11-11,Denied,136.8,121.31,15.49
C0000040,P00030,P1001,2025-02-01,Paid,1497.99,1369.67,128.32
C0000041,P00044,P1001,2025-09-09,Submitted,1090.17,807.52,282.65
C0000042,P00021,P1002,2025-02-03,Denied,254.82,208.56,46.26
C0000043,P00025,P1003,2025-08-21,Submitted,795.41,584.61,210.8
C0000044,P00042,P1002,2025-08-09,Denied,718.47,465.75,252.72
C0000045,P00030,P1004,2025-08-01,Denied,1114.7,762.9,351.8
C0000046,P00043,P1003,2025-07-11,Paid,1433.87,1212.1,221.77
C0000047,P00005,P1001,2025-02-13,Denied,207.85,122.95,84.9
C0000048,P00009,P1001,2025-10-28,Submitted,1438.19,1138.36,299.83
C0000049,P00027,P1003,2025-12-07,Submitted,1416.11,1036.4,379.71
C0000050,P00019,P1003,2025-06-30,Approved,222.63,171.02,51.61
C0000051,P00043,P1004,2025-04-25,Denied,1282.37,898.36,384.01
C0000052,P00008,P1003,2025-10-21,Submitted,397.28,291.81,105.47
C0000053,P00039,P1003,2025-01-15,Denied,332.09,282.99,49.1
C0000054,P00022,P1003,2025-01-04,Paid,333.5,203.97,129.53
C0000055,P00005,P1002,2025-11-21,Approved,1459.83,860.51,599.32
C0000056,P00025,P1004,2025-08-21,Denied,560.78,397.66,163.12
C0000057,P00050,P1001,2025-01-27,Submitted,296.7,259.44,37.26
C0000058,P00044,P1001,2025-05-20,Paid,706.44,517.34,189.1
C0000059,P00027,P1003,2025-04-21,Paid,1150.79,689.26,461.53
C0000060,P00008,P1003,2025-12-14,Denied,1041.84,791.02,250.82
C0000061,P00003,P1002,2025-07-22,Approved,1477.84,847.62,630.22
C0000062,P00020,P1002,2025-03-12,Submitted,1163.93,785.03,378.9
C0000063,P00001,P1004,2025-08-09,Approved,325.37,232.15,93.22
C0000064,P00033,P1003,2025-02-06,Paid,640.83,556.93,83.9
C0000065,P00002,P1004,2025-02-09,Paid,1303.51,1039.65,263.86
C0000066,P00046,P1004,2025-05-29,Denied,239.12,133.66,105.46
C0000067,P00011,P1004,2025-12-20,Submitted,1385.67,814.63,571.04
C0000068,P00016,P1004,2025-10-29,Denied,645.64,376.94,268.7
C0000069,P00048,P1003,2025-04-24,Submitted,549.62,342.03,207.59
C0000070,P00034,P1002,2025-06-28,Approved,575.32,553.48,21.84
C0000071,P00016,P1001,2025-03-16,Approved,439.75,274.67,165.08
C0000072,P00049,P1001,2025-04-01,Paid,1430.59,1173.11,257.48
C0000073,P00049,P1004,2025-12-15,Denied,1391.92,1103.42,288.5
C0000074,P00041,P1003,2025-03-19,Denied,701.66,527.39,174.27
C0000075,P00018,P1001,2025-06-30,Paid,797.96,545.39,252.57
C0000076,P00003,P1001,2025-07-08,Submitted,1260.17,734.67,525.5
C0000077,P00040,P1004,2025-08-25,Submitted,901.97,866.18,35.79
C0000078,P00029,P1002,2025-06-14,Submitted,937.13,717.46,219.67
C0000079,P00029,P1001,2025-06-25,Approved,1474.9,864.68,610.22
C0000080,P00003,P1002,2025-12-29,Approved,698.81,516.39,182.42
C0000081,P00024,P1003,2025-05-25,Submitted,627.07,553.72,73.35
C0000082,P00041,P1003,2025-02-03,Paid,544.81,430.36,114.45
C0000083,P00019,P1003,2025-12-03,Approved,1449.28,1172.7,276.58
C0000084,P00022,P1001,2025-10-26,Denied,1020.65,963.7,56.95
C0000085,P00042,P1004,2025-03-08,Denied,922.93,879.87,43.06
C0000086,P00036,P1004,2025-11-26,Submitted,1203.12,1082.41,120.71
C0000087,P00042,P1004,2025-09-18,Approved,590.61,416.92,173.69
C0000088,P00014,P1003,2025-09-06,Approved,348.61,341.63,6.98
C0000089,P00005,P1003,2025-02-21,Submitted,798.46,624.48,173.98
C0000090,P00043,P1003,2025-11-13,Approved,261.74,186.36,75.38
C0000091,P00012,P1002,2025-08-13,Approved,137.26,96.99,40.27
C0000092,P00029,P1003,2025-08-18,Paid,408.45,266.65,141.8
C0000093,P00013,P1003,2025-12-14,Paid,1424.66,1386.63,38.03
C0000094,P00050,P1003,2025-07-15,Approved,791.64,577.92,213.72
C0000095,P00013,P1002,2025-05-09,Denied,149.36,113.01,36.35
C0000096,P00036,P1001,2025-12-31,Denied,1280.4,1172.85,107.55
C0000097,P00006,P1002,2025-05-20,Paid,715.28,551.3,163.98
C0000098,P00006,P1002,2025-08-19,Paid,1335.6,1268.96,66.64
C0000099,P00004,P1004,2025-09-15,Submitted,607.9,435.29,172.61
C0000100,P00024,P1002,2025-01-15,Denied,529.13,313.57,215.56
C0000101,P00010,P1002,2025-01-20,Approved,483.8,438.71,45.09
C0000102,P00049,P1004,2025-08-18,Submitted,951.87,894.3,57.57
C0000103,P00017,P1002,2025-03-18,Paid,857.05,739.39,117.66
C0000104,P00008,P1003,2025-05-02,Paid,504.14,287.63,216.51
C0000105,P00041,P1004,2025-02-02,Submitted,232.97,218.81,14.16
C0000106,P00041,P1002,2025-03-15,Denied,490.06,269.86,220.2
C0000107,P00016,P1004,2025-04-06,Denied,1021.73,599.57,422.16
C0000108,P00005,P1001,2025-07-19,Paid,1319.5,750.43,569.07
C0000109,P00024,P1003,2025-01-09,Approved,583.86,338.08,245.78
C0000110,P00047,P1001,2025-10-25,Submitted,1122.64,777.97,344.67
C0000111,P00023,P1003,2025-11-26,Paid,324.5,287.19,37.31
C0000112,P00045,P1004,2025-11-20,Paid,334.75,203.52,131.23
C0000113,P00003,P1003,2025-04-14,Submitted,137.42,87.37,50.05
C0000114,P00021,P1003,2025-09-21,Paid,642.47,578.62,63.85
C0000115,P00017,P1001,2025-11-28,Submitted,347.32,244.34,102.98
C0000116,P00042,P1003,2025-05-20,Paid,252.38,178.75,73.63
C0000117,P00048,P1004,2025-07-17,Paid,558.13,351.81,206.32
C0000118,P00024,P1003,2025-02-12,Approved,1111.09,648.81,462.28
C0000119,P00035,P1003,2025-06-14,Denied,221.2,152.85,68.35
C0000120,P00020,P1004,2025-11-05,Paid,1097.67,682.37,415.3
