clinical_id,patient_id,provider_id,record_date,diagnosis,clinical_status
CL0000001,P00026,P1004,2025-09-21,Asthma,Stable
CL0000002,P00026,P1001,2025-04-05,Diabetes,Improving
CL0000003,P00021,P1002,2025-01-04,Asthma,Improving
CL0000004,P00016,P1004,2025-05-17,Asthma,Improving
CL0000005,P00038,P1001,2025-05-14,Routine Review,Improving
CL0000006,P00045,P1002,2025-02-01,Routine Review,Stable
CL0000007,P00030,P1003,2025-03-23,Back Pain,Needs Follow-up
CL0000008,P00033,P1003,2025-12-20,Hypertension,Needs Follow-up
CL0000009,P00019,P1003,2025-11-11,Diabetes,Stable
CL0000010,P00009,P1004,2025-03-20,Back Pain,Needs Follow-up
CL0000011,P00039,P1003,2025-08-01,Routine Review,Needs Follow-up
CL0000012,P00031,P1002,2025-05-07,Routine Review,Needs Follow-up
CL0000013,P00006,P1004,2025-09-28,Routine Review,Improving
CL0000014,P00005,P1001,2025-02-01,Migraine,Needs Follow-up
CL0000015,P00013,P1002,2025-03-26,Asthma,Needs Follow-up
CL0000016,P00029,P1001,2025-12-15,Diabetes,Needs Follow-up
CL0000017,P00038,P1004,2025-02-16,Migraine,Improving
CL0000018,P00004,P1004,2025-03-09,Migraine,Improving
CL0000019,P00030,P1001,2025-10-14,Back Pain,Needs Follow-up
CL0000020,P00020,P1001,2025-07-22,Asthma,Stable
CL0000021,P00048,P1002,2025-10-24,Hypertension,Stable
CL0000022,P00028,P1003,2025-12-25,Hypertension,Needs Follow-up
CL0000023,P00004,P1001,2025-08-30,Hypertension,Improving
CL0000024,P00027,P1002,2025-03-11,Routine Review,Needs Follow-up
CL0000025,P00042,P1004,2025-07-11,Back Pain,Improving
CL0000026,P00025,P1004,2025-02-11,Routine Review,Needs Follow-up
CL0000027,P00035,P1002,2025-12-01,Asthma,Stable
CL0000028,P00012,P1004,2025-09-28,Diabetes,Needs Follow-up
CL0000029,P00015,P1001,2025-01-12,Asthma,Improving
CL0000030,P00044,P1004,2025-09-30,Back Pain,Stable
CL0000031,P00016,P1004,2025-06-27,Diabetes,Improving
CL0000032,P00013,P1001,2025-01-17,Routine Review,Improving
CL0000033,P00040,P1001,2025-05-04,Diabetes,Stable
CL0000034,P00007,P1001,2025-08-17,Migraine,Needs Follow-up
CL0000035,P00046,P1001,2025-05-06,Routine Review,Stable
CL0000036,P00026,P1004,2025-04-30,Migraine,Stable
CL0000037,P00049,P1001,2025-03-13,Migraine,Improving
CL0000038,P00015,P1003,2025-10-23,Migraine,Needs Follow-up
CL0000039,P00021,P1002,2025-06-04,Diabetes,Needs Follow-up
CL0000040,P00034,P1002,2025-07-31,Asthma,Improving
CL0000041,P00004,P1002,2025-11-17,Routine Review,Improving
CL0000042,P00036,P1004,2025-01-25,Asthma,Needs Follow-up
CL0000043,P00043,P1004,2025-09-26,Asthma,Needs Follow-up
CL0000044,P00027,P1004,2025-03-18,Asthma,Improving
CL0000045,P00012,P1004,2025-05-04,Diabetes,Improving
CL0000046,P00046,P1002,2025-08-26,Hypertension,Needs Follow-up
CL0000047,P00027,P1004,2025-10-13,Migraine,Stable
CL0000048,P00025,P1002,2025-05-11,Diabetes,Improving
CL0000049,P00042,P1001,2025-08-19,Asthma,Stable
CL0000050,P00035,P1002,2025-01-27,Asthma,Improving
CL0000051,P00044,P1001,2025-02-07,Diabetes,Needs Follow-up
CL0000052,P00047,P1002,2025-09-03,Diabetes,Improving
CL0000053,P00020,P1001,2025-04-19,Diabetes,Needs Follow-up
CL0000054,P00008,P1004,2025-05-05,Routine Review,Needs Follow-up
CL0000055,P00046,P1002,2025-07-23,Diabetes,Needs Follow-up
CL0000056,P00021,P1003,2025-07-14,Back Pain,Needs Follow-up
CL0000057,P00042,P1003,2025-06-07,Asthma,Improving
CL0000058,P00033,P1004,2025-08-27,Hypertension,Needs Follow-up
CL0000059,P00031,P1003,2025-04-15,Asthma,Improving
CL0000060,P00027,P1001,2025-10-16,Diabetes,Needs Follow-up
CL0000061,P00010,P1001,2025-05-14,Migraine,Needs Follow-up
CL0000062,P00038,P1004,2025-06-01,Diabetes,Stable
CL0000063,P00022,P1002,2025-07-14,Migraine,Stable
CL0000064,P00032,P1003,2025-05-12,Back Pain,Needs Follow-up
CL0000065,P00042,P1004,2025-08-24,Diabetes,Needs Follow-up
CL0000066,P00023,P1002,2025-03-13,Routine Review,Needs Follow-up
CL0000067,P00032,P1002,2025-10-05,Routine Review,Stable
CL0000068,P00034,P1001,2025-02-08,Routine Review,Stable
CL0000069,P00049,P1001,2025-07-31,Diabetes,Needs Follow-up
CL0000070,P00015,P1001,2025-12-29,Diabetes,Stable
CL0000071,P00014,P1004,2025-07-11,Hypertension,Needs Follow-up
CL0000072,P00041,P1004,2025-12-04,Back Pain,Stable
CL0000073,P00001,P1004,2025-01-07,Hypertension,Needs Follow-up
CL0000074,P00047,P1003,2025-10-02,Asthma,Stable
CL0000075,P00033,P1004,2025-04-02,Hypertension,Stable
CL0000076,P00034,P1002,2025-05-04,Diabetes,Needs Follow-up
CL0000077,P00034,P1003,2025-07-01,Asthma,Improving
CL0000078,P00006,P1003,2025-07-27,Back Pain,Needs Follow-up
CL0000079,P00016,P1002,2025-06-03,Routine Review,Stable
CL0000080,P00042,P1001,2025-02-17,Back Pain,Improving
CL0000081,P00025,P1004,2025-01-29,Routine Review,Stable
CL0000082,P00045,P1002,2025-02-12,Back Pain,Improving
CL0000083,P00042,P1003,2025-10-17,Hypertension,Needs Follow-up
CL0000084,P00003,P1002,2025-04-19,Routine Review,Needs Follow-up
CL0000085,P00031,P1003,2025-01-24,Hypertension,Needs Follow-up
CL0000086,P00018,P1001,2025-04-02,Asthma,Stable
CL0000087,P00014,P1002,2025-12-31,Back Pain,Stable
CL0000088,P00020,P1002,2025-10-16,Diabetes,Needs Follow-up
CL0000089,P00025,P1003,2025-07-16,Routine Review,Stable
CL0000090,P00045,P1001,2025-09-14,Routine Review,Improving
CL0000091,P00004,P1001,2025-08-12,Diabetes,Stable
CL0000092,P00022,P1004,2025-06-17,Hypertension,Needs Follow-up
CL0000093,P00018,P1004,2025-09-09,Diabetes,Improving
CL0000094,P00036,P1004,2025-08-10,Diabetes,Needs Follow-up
CL0000095,P00038,P1004,2025-02-13,Migraine,Improving
CL0000096,P00016,P1001,2025-02-12,Asthma,Stable
CL0000097,P00025,P1002,2025-07-19,Asthma,Improving
CL0000098,P00007,P1001,2025-01-03,Asthma,Improving
CL0000099,P00024,P1003,2025-02-22,Diabetes,Stable
CL0000100,P00012,P1004,2025-08-18,Migraine,Needs Follow-up
