assignment_id,patient_id,provider_id,effective_date,assignment_type
DA000001,P00026,P1004,2025-04-20,Primary
DA000002,P00015,P1002,2025-03-25,Primary
DA000003,P00017,P1004,2025-09-22,Primary
DA000004,P00040,P1004,2025-04-14,Primary
DA000005,P00024,P1004,2025-11-07,Primary
DA000006,P00030,P1002,2025-10-11,Primary
DA000007,P00046,P1001,2025-08-11,Consulting
DA000008,P00003,P1003,2025-09-01,Consulting
DA000009,P00014,P1003,2025-09-03,Consulting
DA000010,P00034,P1002,2025-10-15,Primary
DA000011,P00023,P1002,2025-04-23,Primary
DA000012,P00048,P1004,2025-10-06,Primary
DA000013,P00003,P1001,2025-01-06,Consulting
DA000014,P00044,P1004,2025-02-14,Primary
DA000015,P00010,P1003,2025-10-01,Consulting
DA000016,P00022,P1002,2025-09-13,Primary
DA000017,P00004,P1002,2025-08-09,Consulting
DA000018,P00049,P1002,2025-06-23,Consulting
DA000019,P00004,P1002,2025-12-28,Primary
DA000020,P00039,P1004,2025-02-04,Primary
DA000021,P00010,P1003,2025-03-06,Consulting
DA000022,P00010,P1002,2025-09-11,Consulting
DA000023,P00015,P1003,2025-02-28,Consulting
DA000024,P00012,P1001,2025-09-10,Primary
DA000025,P00038,P1001,2025-06-07,Consulting
DA000026,P00026,P1003,2025-07-13,Consulting
DA000027,P00024,P1001,2025-03-02,Consulting
DA000028,P00047,P1004,2025-08-08,Consulting
DA000029,P00042,P1002,2025-11-24,Consulting
DA000030,P00007,P1003,2025-04-25,Primary
DA000031,P00025,P1003,2025-08-25,Primary
DA000032,P00029,P1004,2025-05-03,Consulting
DA000033,P00044,P1003,2025-08-18,Primary
DA000034,P00017,P1004,2025-05-14,Primary
DA000035,P00019,P1004,2025-11-22,Consulting
DA000036,P00013,P1004,2025-06-07,Consulting
DA000037,P00001,P1003,2025-12-10,Primary
DA000038,P00043,P1002,2025-11-09,Consulting
DA000039,P00048,P1002,2025-07-28,Consulting
DA000040,P00043,P1004,2025-01-04,Primary
DA000041,P00001,P1003,2025-11-24,Primary
DA000042,P00033,P1004,2025-04-09,Consulting
DA000043,P00030,P1003,2025-04-24,Primary
DA000044,P00007,P1003,2025-02-19,Primary
DA000045,P00004,P1004,2025-05-12,Consulting
DA000046,P00013,P1001,2025-07-13,Primary
DA000047,P00017,P1004,2025-06-05,Primary
DA000048,P00029,P1004,2025-07-18,Primary
DA000049,P00024,P1003,2025-04-09,Consulting
DA000050,P00037,P1004,2025-03-27,Consulting
DA000051,P00037,P1004,2025-11-06,Primary
DA000052,P00035,P1002,2025-08-17,Primary
DA000053,P00008,P1003,2025-08-03,Consulting
DA000054,P00042,P1001,2025-10-22,Consulting
DA000055,P00041,P1001,2025-10-11,Consulting
DA000056,P00017,P1002,2025-03-19,Primary
DA000057,P00026,P1001,2025-01-11,Primary
DA000058,P00036,P1003,2025-03-27,Consulting
DA000059,P00004,P1004,2025-04-26,Primary
DA000060,P00008,P1004,2025-03-09,Consulting
