insurance_id,patient_id,payer_name,policy_number,effective_date,expiry_date,status
I00001,P00001,BUPA,POL000001,2025-01-01,2025-12-31,Inactive
I00002,P00002,AXA,POL000002,2025-01-01,2025-12-31,Inactive
I00003,P00003,NHS,POL000003,2025-01-01,2025-12-31,Inactive
I00004,P00004,AXA,POL000004,2025-01-01,2025-12-31,Inactive
I00005,P00005,AXA,POL000005,2025-01-01,2025-12-31,Active
I00006,P00006,NHS,POL000006,2025-01-01,2025-12-31,Inactive
I00007,P00007,BUPA,POL000007,2025-01-01,2025-12-31,Inactive
I00008,P00008,NHS,POL000008,2025-01-01,2025-12-31,Active
I00009,P00009,Vitality,POL000009,2025-01-01,2025-12-31,Inactive
I00010,P00010,AXA,POL000010,2025-01-01,2025-12-31,Inactive
I00011,P00011,NHS,POL000011,2025-01-01,2025-12-31,Inactive
I00012,P00012,BUPA,POL000012,2025-01-01,2025-12-31,Inactive
I00013,P00013,NHS,POL000013,2025-01-01,2025-12-31,Inactive
I00014,P00014,NHS,POL000014,2025-01-01,2025-12-31,Active
I00015,P00015,AXA,POL000015,2025-01-01,2025-12-31,Inactive
I00016,P00016,NHS,POL000016,2025-01-01,2025-12-31,Inactive
I00017,P00017,AXA,POL000017,2025-01-01,2025-12-31,Active
I00018,P00018,AXA,POL000018,2025-01-01,2025-12-31,Inactive
I00019,P00019,Vitality,POL000019,2025-01-01,2025-12-31,Inactive
I00020,P00020,Vitality,POL000020,2025-01-01,2025-12-31,Inactive
I00021,P00021,BUPA,POL000021,2025-01-01,2025-12-31,Active
I00022,P00022,Vitality,POL000022,2025-01-01,2025-12-31,Inactive
I00023,P00023,BUPA,POL000023,2025-01-01,2025-12-31,Inactive
I00024,P00024,Vitality,POL000024,2025-01-01,2025-12-31,Active
I00025,P00025,AXA,POL000025,2025-01-01,2025-12-31,Inactive
I00026,P00026,BUPA,POL000026,2025-01-01,2025-12-31,Inactive
I00027,P00027,AXA,POL000027,2025-01-01,2025-12-31,Inactive
I00028,P00028,Vitality,POL000028,2025-01-01,2025-12-31,Inactive
I00029,P00029,BUPA,POL000029,2025-01-01,2025-12-31,Inactive
I00030,P00030,BUPA,POL000030,2025-01-01,2025-12-31,Active
I00031,P00031,AXA,POL000031,2025-01-01,2025-12-31,Inactive
I00032,P00032,NHS,POL000032,2025-01-01,2025-12-31,Active
I00033,P00033,AXA,POL000033,2025-01-01,2025-12-31,Active
I00034,P00034,BUPA,POL000034,2025-01-01,2025-12-31,Active
I00035,P00035,NHS,POL000035,2025-01-01,2025-12-31,Active
I00036,P00036,BUPA,POL000036,2025-01-01,2025-12-31,Inactive
I00037,P00037,NHS,POL000037,2025-01-01,2025-12-31,Inactive
I00038,P00038,Vitality,POL000038,2025-01-01,2025-12-31,Active
I00039,P00039,Vitality,POL000039,2025-01-01,2025-12-31,Inactive
I00040,P00040,Vitality,POL000040,2025-01-01,2025-12-31,Active
I00041,P00041,BUPA,POL000041,2025-01-01,2025-12-31,Active
I00042,P00042,NHS,POL000042,2025-01-01,2025-12-31,Inactive
I00043,P00043,BUPA,POL000043,2025-01-01,2025-12-31,Active
I00044,P00044,Vitality,POL000044,2025-01-01,2025-12-31,Active
I00045,P00045,BUPA,POL000045,2025-01-01,2025-12-31,Active
I00046,P00046,Vitality,POL000046,2025-01-01,2025-12-31,Active
I00047,P00047,Vitality,POL000047,2025-01-01,2025-12-31,Inactive
I00048,P00048,Vitality,POL000048,2025-01-01,2025-12-31,Inactive
I00049,P00049,Vitality,POL000049,2025-01-01,2025-12-31,Active
I00050,P00050,Vitality,POL000050,2025-01-01,2025-12-31,Inactive
