patient_id,first_name,last_name,date_of_birth,gender,address,city,country,postcode,patient_type,created_date
P00001,James,Patel,1957-03-30,X,45 Example Street,Cardiff,UK,SW334053,NHS,2025-12-04
P00002,James,Anderson,2003-12-05,M,85 Example Street,London,UK,SW133326,NHS,2025-02-07
P00003,Sophia,Davis,2009-01-03,M,81 Example Street,Cardiff,UK,SW850800,Private,2025-04-15
P00004,Aisha,Smith,1955-08-01,M,99 Example Street,London,UK,SW456778,Private,2025-03-07
P00005,Olivia,Patel,1963-04-28,F,22 Example Street,Bristol,UK,SW988662,Private,2025-10-09
P00006,Aarav,Anderson,1996-03-20,X,25 Example Street,London,UK,SW182627,Private,2025-11-20
P00007,Olivia,Taylor,1972-04-01,X,18 Example Street,Swansea,UK,SW793384,NHS,2025-05-03
P00008,Sophia,Patel,1989-02-06,F,68 Example Street,Birmingham,UK,SW974628,Private,2025-03-12
P00009,Olivia,Brown,2015-02-15,F,99 Example Street,Birmingham,UK,SW779514,NHS,2025-10-21
P00010,Daniel,Davis,2020-05-31,M,30 Example Street,London,UK,SW497887,Private,2025-11-23
P00011,Ethan,Brown,2016-06-02,F,17 Example Street,Cardiff,UK,SW961722,NHS,2025-06-13
P00012,Noah,Patel,1973-12-05,X,50 Example Street,Cardiff,UK,SW787277,Private,2025-07-21
P00013,Emma,Wilson,1978-10-06,M,41 Example Street,Birmingham,UK,SW688637,Private,2025-12-19
P00014,Liam,Taylor,1990-10-31,F,38 Example Street,Cardiff,UK,SW634277,Private,2025-02-25
P00015,Aarav,Patel,1968-09-17,X,30 Example Street,Birmingham,UK,SW542666,NHS,2025-07-13
P00016,Aisha,Khan,2002-06-21,F,80 Example Street,Swansea,UK,SW813328,NHS,2025-11-18
P00017,Noah,White,1985-07-08,M,47 Example Street,London,UK,SW265840,Private,2025-01-24
P00018,Grace,Smith,1999-11-29,M,74 Example Street,Swansea,UK,SW755674,Private,2025-11-17
P00019,Aisha,Brown,1968-09-17,F,30 Example Street,Manchester,UK,SW916449,NHS,2025-10-11
P00020,Emma,Thomas,1965-01-13,F,49 Example Street,Cardiff,UK,SW160738,NHS,2025-10-03
P00021,Maya,Anderson,1998-08-07,M,78 Example Street,Cardiff,UK,SW234628,Private,2025-09-06
P00022,Noah,Davis,2009-06-02,F,37 Example Street,Manchester,UK,SW891952,NHS,2025-12-10
P00023,Liam,White,2013-04-21,F,66 Example Street,Manchester,UK,SW573417,NHS,2025-04-08
P00024,Maya,Martin,1956-11-20,X,80 Example Street,Cardiff,UK,SW717024,NHS,2025-01-03
P00025,Grace,White,1960-04-13,M,18 Example Street,Swansea,UK,SW446479,NHS,2025-09-08
P00026,Noah,White,1998-07-20,M,79 Example Street,Cardiff,UK,SW858490,Private,2025-04-26
P00027,Emma,Johnson,1972-01-31,M,22 Example Street,Birmingham,UK,SW551989,Private,2025-07-14
P00028,Emma,Anderson,1959-11-11,X,93 Example Street,Birmingham,UK,SW203198,NHS,2025-07-24
P00029,Olivia,Patel,1977-04-22,M,34 Example Street,Manchester,UK,SW570405,NHS,2025-07-06
P00030,Noah,Khan,1977-05-30,M,66 Example Street,Manchester,UK,SW202664,NHS,2025-11-18
P00031,Aarav,Patel,1976-03-16,M,62 Example Street,London,UK,SW604740,NHS,2025-07-02
P00032,Daniel,Johnson,1955-03-12,F,43 Example Street,London,UK,SW399105,Private,2025-12-24
P00033,Ethan,White,2019-06-14,F,29 Example Street,Cardiff,UK,SW411120,NHS,2025-01-19
P00034,Grace,Davis,1960-06-20,X,50 Example Street,Swansea,UK,SW152578,Private,2025-09-28
P00035,Ethan,Wilson,1960-02-07,X,20 Example Street,Cardiff,UK,SW171849,NHS,2025-11-28
P00036,Sophia,Johnson,1965-10-03,X,41 Example Street,Manchester,UK,SW723398,NHS,2025-10-03
P00037,Liam,White,2007-05-13,X,76 Example Street,Bristol,UK,SW373432,NHS,2025-11-23
P00038,Olivia,Brown,1978-10-30,F,26 Example Street,Birmingham,UK,SW776856,Private,2025-08-11
P00039,Maya,Thomas,1996-02-12,X,82 Example Street,Swansea,UK,SW176819,NHS,2025-09-09
P00040,Daniel,Martin,1961-03-04,M,57 Example Street,Bristol,UK,SW265409,Private,2025-09-23
P00041,Noah,Taylor,2013-09-02,X,11 Example Street,Birmingham,UK,SW956795,Private,2025-11-04
P00042,Daniel,Smith,1965-05-10,M,80 Example Street,Cardiff,UK,SW385577,Private,2025-10-07
P00043,Grace,Martin,1973-04-07,X,91 Example Street,Bristol,UK,SW629959,Private,2025-05-28
P00044,Aarav,Patel,2011-11-27,F,45 Example Street,Swansea,UK,SW103717,Private,2025-03-21
P00045,Noah,Wilson,1994-08-22,X,64 Example Street,Manchester,UK,SW110139,NHS,2025-02-23
P00046,Daniel,Davis,1958-03-26,F,84 Example Street,Manchester,UK,SW255287,Private,2025-03-02
P00047,Noah,Martin,1958-07-31,F,36 Example Street,Birmingham,UK,SW361650,NHS,2025-06-25
P00048,Ethan,Johnson,2010-09-06,X,29 Example Street,Cardiff,UK,SW270395,NHS,2025-07-01
P00049,Daniel,Anderson,1984-10-20,F,95 Example Street,Birmingham,UK,SW950132,NHS,2025-05-06
P00050,Grace,Patel,1989-04-27,M,70 Example Street,Cardiff,UK,SW309267,Private,2025-06-10
