payment_id,claim_id,patient_id,payment_date,payment_amount,payment_method
PAY0000001,C0000064,P00033,2025-02-06,497.33,Insurance
PAY0000002,C0000038,P00034,2025-02-02,435.08,Bank
PAY0000003,C0000062,P00020,2025-03-12,207.34,Insurance
PAY0000004,C0000052,P00008,2025-10-21,100.85,Card
PAY0000005,C0000089,P00005,2025-02-21,56.22,Bank
PAY0000006,C0000054,P00022,2025-01-04,109.09,Card
PAY0000007,C0000044,P00042,2025-08-09,290.42,Bank
PAY0000008,C0000111,P00023,2025-11-26,211.94,Insurance
PAY0000009,C0000111,P00023,2025-11-26,112.28,Bank
PAY0000010,C0000017,P00012,2025-03-09,847.86,Insurance
PAY0000011,C0000072,P00049,2025-04-01,142.44,Card
PAY0000012,C0000060,P00008,2025-12-14,114.47,Bank
PAY0000013,C0000032,P00006,2025-11-25,151.62,Card
PAY0000014,C0000038,P00034,2025-02-02,631.32,Insurance
PAY0000015,C0000054,P00022,2025-01-04,65.67,Card
PAY0000016,C0000105,P00041,2025-02-02,85.1,Insurance
PAY0000017,C0000093,P00013,2025-12-14,447.37,Card
PAY0000018,C0000064,P00033,2025-02-06,554.77,Bank
PAY0000019,C0000064,P00033,2025-02-06,492.0,Bank
PAY0000020,C0000003,P00029,2025-12-22,43.61,Bank
PAY0000021,C0000065,P00002,2025-02-09,486.22,Card
PAY0000022,C0000028,P00038,2025-08-01,542.67,Card
PAY0000023,C0000007,P00041,2025-08-24,82.78,Insurance
PAY0000024,C0000113,P00003,2025-04-14,76.78,Insurance
PAY0000025,C0000061,P00003,2025-07-22,256.49,Card
PAY0000026,C0000109,P00024,2025-01-09,54.19,Card
PAY0000027,C0000113,P00003,2025-04-14,37.82,Bank
PAY0000028,C0000098,P00006,2025-08-19,523.65,Card
PAY0000029,C0000052,P00008,2025-10-21,33.91,Insurance
PAY0000030,C0000025,P00042,2025-03-01,107.86,Bank
PAY0000031,C0000010,P00025,2025-02-24,139.28,Bank
PAY0000032,C0000098,P00006,2025-08-19,706.75,Insurance
PAY0000033,C0000088,P00014,2025-09-06,216.53,Card
PAY0000034,C0000013,P00050,2025-11-07,321.12,Bank
PAY0000035,C0000072,P00049,2025-04-01,1102.71,Card
PAY0000036,C0000026,P00032,2025-02-19,200.71,Bank
PAY0000037,C0000065,P00002,2025-02-09,61.05,Card
PAY0000038,C0000018,P00034,2025-03-26,290.52,Bank
PAY0000039,C0000067,P00011,2025-12-20,383.14,Insurance
PAY0000040,C0000115,P00017,2025-11-28,135.65,Bank
PAY0000041,C0000120,P00020,2025-11-05,426.08,Card
PAY0000042,C0000051,P00043,2025-04-25,890.12,Insurance
PAY0000043,C0000108,P00005,2025-07-19,238.57,Bank
PAY0000044,C0000065,P00002,2025-02-09,864.57,Insurance
PAY0000045,C0000063,P00001,2025-08-09,170.36,Bank
PAY0000046,C0000061,P00003,2025-07-22,695.13,Bank
PAY0000047,C0000043,P00025,2025-08-21,400.44,Bank
PAY0000048,C0000075,P00018,2025-06-30,181.65,Insurance
PAY0000049,C0000112,P00045,2025-11-20,146.27,Card
PAY0000050,C0000077,P00040,2025-08-25,421.59,Insurance
PAY0000051,C0000101,P00010,2025-01-20,427.01,Insurance
PAY0000052,C0000074,P00041,2025-03-19,135.45,Card
PAY0000053,C0000075,P00018,2025-06-30,272.42,Insurance
PAY0000054,C0000081,P00024,2025-05-25,404.91,Bank
PAY0000055,C0000019,P00019,2025-02-28,358.8,Card
PAY0000056,C0000005,P00037,2025-03-29,159.42,Insurance
PAY0000057,C0000015,P00041,2025-11-18,145.94,Bank
PAY0000058,C0000041,P00044,2025-09-09,349.8,Bank
PAY0000059,C0000089,P00005,2025-02-21,143.25,Insurance
PAY0000060,C0000100,P00024,2025-01-15,199.51,Bank
PAY0000061,C0000112,P00045,2025-11-20,175.69,Insurance
PAY0000062,C0000008,P00019,2025-02-07,353.22,Insurance
PAY0000063,C0000027,P00030,2025-12-10,689.12,Insurance
PAY0000064,C0000062,P00020,2025-03-12,422.01,Bank
PAY0000065,C0000023,P00031,2025-11-14,496.46,Insurance
PAY0000066,C0000044,P00042,2025-08-09,263.5,Insurance
PAY0000067,C0000099,P00004,2025-09-15,380.33,Insurance
PAY0000068,C0000083,P00019,2025-12-03,946.37,Bank
PAY0000069,C0000079,P00029,2025-06-25,428.98,Card
PAY0000070,C0000036,P00043,2025-03-09,56.59,Card
PAY0000071,C0000039,P00029,2025-11-11,98.13,Insurance
PAY0000072,C0000027,P00030,2025-12-10,843.43,Bank
PAY0000073,C0000041,P00044,2025-09-09,397.85,Insurance
PAY0000074,C0000120,P00020,2025-11-05,638.98,Insurance
PAY0000075,C0000036,P00043,2025-03-09,38.87,Insurance
PAY0000076,C0000087,P00042,2025-09-18,235.6,Bank
PAY0000077,C0000105,P00041,2025-02-02,88.62,Card
PAY0000078,C0000038,P00034,2025-02-02,47.2,Insurance
PAY0000079,C0000011,P00045,2025-01-12,436.81,Bank
PAY0000080,C0000084,P00022,2025-10-26,262.01,Bank
PAY0000081,C0000028,P00038,2025-08-01,201.05,Insurance
PAY0000082,C0000035,P00018,2025-03-08,705.51,Insurance
PAY0000083,C0000035,P00018,2025-03-08,120.86,Insurance
PAY0000084,C0000095,P00013,2025-05-09,74.58,Card
PAY0000085,C0000007,P00041,2025-08-24,169.47,Insurance
PAY0000086,C0000029,P00018,2025-12-20,292.16,Card
PAY0000087,C0000013,P00050,2025-11-07,335.94,Insurance
PAY0000088,C0000061,P00003,2025-07-22,103.21,Card
PAY0000089,C0000001,P00041,2025-10-05,71.22,Card
PAY0000090,C0000053,P00039,2025-01-15,191.7,Bank
PAY0000091,C0000062,P00020,2025-03-12,517.68,Bank
PAY0000092,C0000042,P00021,2025-02-03,73.82,Card
PAY0000093,C0000117,P00048,2025-07-17,275.07,Insurance
PAY0000094,C0000074,P00041,2025-03-19,137.83,Insurance
PAY0000095,C0000093,P00013,2025-12-14,1182.09,Card
PAY0000096,C0000117,P00048,2025-07-17,325.75,Bank
PAY0000097,C0000113,P00003,2025-04-14,76.43,Card
PAY0000098,C0000108,P00005,2025-07-19,309.98,Bank
PAY0000099,C0000024,P00042,2025-11-22,1102.11,Bank
PAY0000100,C0000113,P00003,2025-04-14,22.52,Bank
PAY0000101,C0000073,P00049,2025-12-15,673.07,Bank
PAY0000102,C0000037,P00038,2025-01-09,95.01,Insurance
PAY0000103,C0000070,P00034,2025-06-28,299.71,Card
PAY0000104,C0000109,P00024,2025-01-09,180.38,Bank
PAY0000105,C0000025,P00042,2025-03-01,216.02,Bank
PAY0000106,C0000021,P00017,2025-08-21,388.08,Insurance
PAY0000107,C0000033,P00022,2025-03-06,554.36,Card
PAY0000108,C0000095,P00013,2025-05-09,51.35,Bank
PAY0000109,C0000073,P00049,2025-12-15,750.66,Card
PAY0000110,C0000023,P00031,2025-11-14,653.28,Insurance
